{"image_000.png": [[2083.333333333, 0, 750], [0, 2083.333333333, 375], [0, 0, 1]],"image_240.png": [[2083.333333333, 0, 750], [0, 2083.333333333, 375], [0, 0, 1]],"image_480.png": [[2083.333333333, 0, 750], [0, 2083.333333333, 375], [0, 0, 1]]}
